{
    "resolution_16": {
        "mean": [
            250.8527069091797,
            246.153076171875,
            228.0605010986328
        ],
        "std": [
            121.38705444335938,
            119.640380859375,
            129.32901000976562
        ],
        "min": [
            0.0,
            0.0,
            0.0
        ],
        "max": [
            510.0,
            510.0,
            510.0
        ]
    }
}