{
    "resolution_16": {
        "mean": [
            3513.4560546875,
            3321.413818359375,
            3018.219482421875,
            3.33380126953125,
            5.731558322906494,
            8.195738792419434,
            -0.28213536739349365,
            -0.2007179856300354,
            -0.22717592120170593,
            0.008749203756451607,
            0.0025734668597579002,
            -0.005189900752156973
        ],
        "std": [
            2121.249755859375,
            2063.432861328125,
            2142.66162109375,
            494.58160400390625,
            480.1895446777344,
            475.3828125,
            411.02545166015625,
            400.8593444824219,
            396.6093444824219,
            196.43606567382812,
            191.34451293945312,
            189.24099731445312
        ],
        "min": [
            0.0,
            0.0,
            0.0,
            -4068.0,
            -4068.0,
            -4068.0,
            -4068.0,
            -4068.0,
            -4068.0,
            -2531.68701171875,
            -2572.0,
            -2814.0
        ],
        "max": [
            8160.0,
            8160.0,
            8160.0,
            4068.0,
            4068.0,
            4068.0,
            4068.0,
            4068.0,
            4068.0,
            2683.81201171875,
            2700.0,
            2739.43701171875
        ]
    },
    "resolution_32": {
        "mean": [
            1756.7890625,
            1660.748779296875,
            1509.0335693359375,
            0.6583887934684753,
            1.132030963897705,
            1.6139543056488037,
            -0.045837923884391785,
            -0.01659974455833435,
            -0.027428211644291878,
            -0.003027587430551648,
            -0.005056682042777538,
            -0.0026113165076822042
        ],
        "std": [
            1112.5654296875,
            1082.3267822265625,
            1119.1700439453125,
            213.55899047851562,
            207.94369506835938,
            205.18702697753906,
            178.58615112304688,
            174.4468536376953,
            171.84280395507812,
            82.8964614868164,
            81.2674331665039,
            80.21509552001953
        ],
        "min": [
            0.0,
            0.0,
            0.0,
            -1920.0,
            -1923.062255859375,
            -1921.562255859375,
            -1918.0,
            -1918.0,
            -1919.0,
            -1508.0,
            -1235.0,
            -1322.3125
        ],
        "max": [
            4080.0,
            4080.0,
            4080.0,
            1923.0,
            1923.0,
            1923.0,
            1920.187255859375,
            1920.187255859375,
            1920.187255859375,
            1275.937255859375,
            1275.937255859375,
            1363.0
        ]
    },
    "resolution_64": {
        "mean": [
            878.4721069335938,
            830.5178833007812,
            754.7479858398438,
            0.14112989604473114,
            0.22231048345565796,
            0.29889920353889465,
            -0.010785485617816448,
            -0.008089559152722359,
            -0.009618591517210007,
            0.00012436287943273783,
            -0.00028550822753459215,
            -0.00036322156665846705
        ],
        "std": [
            574.8643188476562,
            559.3500366210938,
            576.7380981445312,
            93.3648910522461,
            91.41851043701172,
            89.94280242919922,
            78.01609802246094,
            76.48101043701172,
            75.05487823486328,
            36.81645584106445,
            36.42815017700195,
            35.91765594482422
        ],
        "min": [
            0.0,
            0.0,
            0.0,
            -953.0,
            -951.5,
            -952.8748779296875,
            -956.2498779296875,
            -956.2498779296875,
            -956.2498779296875,
            -670.625,
            -677.0,
            -694.0
        ],
        "max": [
            2040.0,
            2040.0,
            2040.0,
            954.2498779296875,
            954.2498779296875,
            953.7498779296875,
            953.0,
            953.0,
            953.0,
            754.5,
            677.5,
            730.5
        ]
    },
    "resolution_128": {
        "mean": [
            439.2554016113281,
            415.22161865234375,
            377.3130187988281,
            0.13110940158367157,
            0.16315461695194244,
            0.19115737080574036,
            0.019485363736748695,
            0.019403928890824318,
            0.01667095720767975,
            -0.0002981807047035545,
            -0.00017740592011250556,
            -0.0002696836309041828
        ],
        "std": [
            294.39764404296875,
            286.5328674316406,
            294.7982177734375,
            38.492225646972656,
            38.021366119384766,
            37.366912841796875,
            34.52726745605469,
            34.17150115966797,
            33.459716796875,
            19.090269088745117,
            19.1109561920166,
            18.806819915771484
        ],
        "min": [
            0.0,
            0.0,
            0.0,
            -481.0,
            -481.0,
            -481.25,
            -481.5,
            -481.5,
            -481.5,
            -365.0,
            -368.24993896484375,
            -365.25
        ],
        "max": [
            1020.0,
            1020.0,
            1020.0,
            480.25,
            480.0,
            480.25,
            480.25,
            480.4999694824219,
            480.25,
            365.0,
            383.75,
            382.5
        ]
    },
    "resolution_256": {
        "mean": [
            219.64918518066406,
            207.6234588623047,
            188.66184997558594,
            0.07140608131885529,
            0.07680699974298477,
            0.07873497158288956,
            0.015488501638174057,
            0.015054582618176937,
            0.013309536501765251,
            2.1388303139247e-05,
            1.2788147614628542e-05,
            3.186045796610415e-05
        ],
        "std": [
            149.75991821289062,
            145.84103393554688,
            149.8046417236328,
            17.5192928314209,
            17.449071884155273,
            17.112573623657227,
            15.815356254577637,
            15.779458045959473,
            15.447550773620605,
            8.112164497375488,
            8.1494779586792,
            8.052045822143555
        ],
        "min": [
            0.0,
            0.0,
            0.0,
            -250.99998474121094,
            -250.99998474121094,
            -253.0,
            -251.49996948242188,
            -253.0,
            -251.49996948242188,
            -226.99998474121094,
            -226.99998474121094,
            -226.99998474121094
        ],
        "max": [
            510.0,
            510.0,
            510.0,
            255.0,
            255.0,
            252.0,
            251.99998474121094,
            251.99998474121094,
            251.99998474121094,
            216.0,
            216.0,
            215.5
        ]
    }
}